M: Primero que nada, muchisimas gracias por haber venido para nosotros es una instancia súper importante, porque bueno de acá se va a iniciar una campaña sobre acoso callejero. De acá a un año adelante, entonces pensamos que es importante poder problematizar y pensar que es lo que piensan la mujeres en Uruguay sobre qué es al acoso callejero y si existe en Uruguay. Porque ser quizá que haya personas que piensen que no exista, entonces bueno la idea era como empezar a pensar y problematizar a ver qué pensaban ustedes si creen que existe el acoso en Uruguay y que genera para ustedes.
P1: Ay para mi, obvio para mi existe porque yo lo he sufrido mucho y o tengo amigas que están pasando por la calle y el tipo se saca el pene para afuera, les gritan, les dan un beso, las siguen ósea.
P2: Eso igual ya es como más violento, porque uno entiende por acoso callejero capaz justamente lo verbal, y tipo como esa violencia verbal continua, pero es mucho más todavía. Por ejemplo no se me ha pasado de que me han seguido por cuadras ponele y creo que una vez tu contaste que te paso lo mismo, eh y eso es como también genera algo un poco más psicológico. Hasta también donde me va a seguir porque me va a seguir, por qué me está siguiendo, qué quiere capaz, que hago yo y nunca me pasó así una situación algo más mucho más violento, pero puede ser más físico, no se que te tironeen o algo por el estilo. Pero si si totalmente existe, me ha pasado, conozco chiquilinas que también les ha pasado y es muy digamos todos todo por acoso callejero entendemos también que es más del hombre para el lado de la mujer para el lado de la mujer. Pero también he pasado he escuchado, la otra vez vi en el ómnibus iban unas chiquilinas que abrieron la ventana y le empezaron a gritar pila de cosas a varones que veían pasar por ejemplo, por un lado como que me asombre y por otro lado tipo como que no se como que me chocó un poco. Capaz porque estamos más acostumbradas a que nos digan varones y decimos “ah bueno ta es normal que pase eso”.
P1: Lo que pasa que el acoso tipo el hombre hacia la mujer es más un fenómeno social y ya la mujer al hombre son más puntos, algo más particular. Yo también lo veo por ese lado, ya sea en la cultura en que el hombre es superior y hace lo que quiere con la mujer, como que nosotras somos su propiedad es ya es algo que está más cultur… más normalizado.
P4: Y más naturalizado, por eso es que te rechina ver a una mujer que en realidad acose, yo creo que por eso te llama la atención porque es tan poco la minoría en esos casos porque en realidad y yo creo que también eso subjetivo. Para mi el acoso callejero es cuando sentis invasión de cualquier tipo, puede ser que te digan…
P2: O que te miren de repente.
P4: nada violencia de cualquier grado, porque violencia es que te invadan ya el espacio, o sea que vos te sientas invadida ya es un tipo violencia.
P2: Igual también cabe destacar que no es lo mismo pasar sola o con amigas ponele a que haya una presencia masculina, cuando hay una presencia masculina. Por ejemplo: cuando hay construcciones pasas y lo más común de repente, no en todas, pero lo más común es que te griten los obreros o lo que fueren, pero pasas con un amigo, con tu novio o lo que fuere y eso ya no pasa. Me paso una vez que pase por la misma construcción el mismo día sola y me gritaron de todo, pase el mismo día con un amigo y no me gritaron nada.
P3: Si a mi me pasaba, yo iba a estudiar aleman y me pasaba que yo iba de mañana, tipo era, osea era tan de mañana que era de noche y siempre pasaba y me gritaban cosas y después a la salida volvia a pasar y como pasaba con compañeros de clase nunca me gritaban nada.
P1: Claro es como si respetaran la presencia de un hombre.
P2: Claro.
P4: Exactamente.
M: ¿Como si hay algún tipo de respeto entre ellos?
P1: Claro como un código, de si está contigo yo no me puedo meter.
P2: O lo mismo cuando decis eh, no se te dicen che eh no se sale algo le decis no se mira no estoy interesada o lo que fuere y capaz que llega un punto en el cual le decis no se tengo novio y ahí como que.
P3: Claro lo haces para evitar.
P2: Claro.
P1: Claro como si uno no fuera suficiente, tenes que meter una excusa para que te deje de molestar.
P3: Si si.
M: Como una estrategia.
P1: Claro para poder librarte.
M: Y creen que hay más estrategias ante el acoso? Cosas que hagan a diario.
P1: Yo tipo.
P2: Uhh yo no sé atarme la campera por ejemplo, tipo nose paso y no quiero que me griten nose que “ojete que tenes” o lo que fuera o ando con ropa más holgada ponele ese tipo de cosas.
P3: O ir por otro camino.
P1: Ir por otro camino.
P3: En realidad no son soluciones, son formas de evitar.
P2: De evitar claro.
P1: Ah yo me meto en un almacen, tipo si la situación se pone media rara me meto en algún lado y me quedo ahí... pero... nose yo no cambio mi forma de vestirme. Es horrible que lo tengas que hacer y a pila de mujeres les pasa que se sienten acosadas por usar una remera ajustada y se tapan.
P2: Claro.
M: Osea cambiar la forma de vestir por lo que entendemos por acoso y algo más que les parezca que han llegado a hacer para evitar esas situaciones.
P4: Bueno yo por ejemplo si voy escuchando música me subo a lo más alto el volumen.
P1: Si si
P3: Si para evitar.
P4: Bien como para, igual estoy convencida que la manera es enfrentarlo y lo ideal sería parar mirarlos a los ojos y decirles “bo que te pasa” jaja, tratar de controlar la bronca que uno siente y tratar de hablar respetuosamente. Pero a veces pasa que queres evadir bueno y usar métodos, uno de mis métodos es la música y hacerme la que no escucho.
P2: Pasa que también no se de repente enfrentas y no sabes que vas a enfrentar.
P1: Claro por eso se ponen violento, ha pasado.
P4: Pasa que quedas desamparada, hay mucha indiferencia también.
P2: “Ahí va”.
P4: En los alrededores.
M: Indiferencia desde la sociedad?
P1: Si obvio, osea si te ven que te están gritando te están acosando nadie hace nada.
Bueno a mi no me ha pasado que alguien me ayude. Osea siguen pasando lo sigen mirando y lo naturalizan mucho más.
P4: Si si si.
P3: Bueno a mi lo que me ha pasado es que me sentí acosada y estaba sola, no había nadie más en la vuelta, porque ta me pasaba a esas horas que no había nadie más en la calle entonces ta. Osea no, no sentí que la sociedad lo dejara pasar porque no había nadie más.
M: Pero creen que el acoso se da de forma diaria o son situaciones excepcionales.
P1: No para mi es diario.
P2: Para mi también.
P1: Pasa todos los días.
P2: Y algo que también me llama la atención también es cómo algunas mujeres lo naturalizan no, por ejemplo vas por la calle y le gritan de repente de auto o de lo que sea y dicen “ah bueno es porque estoy re buena” ponele entendes, también hay de esos casos.
P1: Si estan esos típicos chistes que dicen mucho entre mujeres que dicen “si a mi no me gritan cuando pasó por una construcción me siento horrible” no se que, es como que estas naturalizando el problema en realidad. Estás tratando que eso que te hace sentir mal te haga sentir bien y por eso te gritan.
P2: Una conducta.
M: Entonces, volviendo a lo que estábamos charlando en cuanto a la forma en que cada uno vive el espacio público entienden que hay alguna diferencia entre hombres y mujeres.
P3: Y si
P4: Sí sí, yo siento que el espacio público está dominado por el género masculino y que creo que hay una construcción que viene yo que es el lugar, la casa es el lugar de la mujer y que salir a trabajar es de varón y es como que se fue construyendo eso y es como que vos estás invadiendo el espacio de varones por eso tienen derecho ellos de ...
P1: Gritarte lo que quieran.
P4: Claro de cosificarte, de decir sos un cuerpo, yo creo que viene de ahí de una construcción...
P2: Antiquísima.
P1: Claro tiene un contexto histórico.
M: Una forma diferente de transitar el espacio público, y creen que es igual en todas las horas.
P2: No ese es otro tema, por ejemplo yo vivo en un tipo vivo más lejos y mis padres siempre me dicen no se a tal hora estate en casa ponele y yo entiendo que sea una forma de cuidado no, pero con mis hermanos nunca pasa eso. Tengo hermanos varones y nunca es a está hora estate en casa, inclusive tengo un hermano más chico de 13 años y de repente no se el rango de hora porque es más chico de edad, le ponen no se a las 20 - 20:30 en casa. Mientras que yo no se... 18 que no oscurezca tanto que no se que y es como que si, en general también no es necesario vivir más lejos para que te están marcando una hora de llegada que se yo.
P1: Pasa que en realidad somos más vulnerables, pasa mucho más que nos ataquen a nosotras a parte nos podemos defender mucho menos también en realidad. Entonces tipo capaz no es tanto por machismo, sino de cuidado. Entonces nos tenemos que guiar por como es el mundo no por como nos gustaría que fuera .
P3: Claro el problema no es que tus padres te pidan que vuelvas a tal hora, el problema es
que sienten la necesidad de que vuelvas a esa hora
P1: Claro porque anda a saber si llegas.
M: Marcar horarios vendría a ser una estrategia.
P1: Sí de prevención, o el no estar sola o en tal hora no podes estar en tal barrio.
P4: Claro el “avísame cuando llegas” entre amigas.
P2: O “te quedas en lo de una amiga” en la casa de ella si ves que se te hace muy tarde.
P1: O “no andes sola”.
M: Y en cuanto a las formas que perciben el acoso, ¿creen que siempre se da de la misma forma?.
P1: No, para mi si de da muchas formas físico, psicológico, que te sigan y no te diga nada para mi eso es acoso psicológico ya no. O que pase mirando, que no te dejen de mirar eso también no te está diciendo nada, no te está tocando, no te está diciendo nada pero es una forma de agresión igual. Se da de muchas maneras.
M: Está bien, nosotros habíamos traído algunas propuestas. Bueno podrían ser frases que quizás han escuchado o no y bueno la idea era como poder problematizar qué piensan ustedes sobre estas frases y si consideran que son acoso o no.
P1: Jajaja.
Murmullo
P4: Si todo acoso no?.
P2: Si jajaja.
P4: Si en realidad todo porque no hay una frase además, que mucho varones dicen un piropo, ay pero si te digo que estás linda … es acoso.
P3: Claro jajaja “un piropo no es acoso”.
Hablan todas a la vez
P1: Decirle que es linda, osea quien sos para decirle.
P4: Claro.
P2: Claro quien sos para opinar de la ropa.
P3: Si realmente queres algo con una mujer te acercas de otra forma, no te pones a gritarle y a decirle de todo entendes tipo ta.
P2: Me hizo acordar a una frase que tengo en mi instagram que dice “no es piropo, es acoso” que estaba escrita en un mural y me hablaron como cinco, todos los que respondieron a esa frase eran hombres y también mismo pero “qué es piropo, pero si yo te digo que sos linda no te estoy agrediendo”. Es lo que dice P1, que tenes que opinar sobre mi cuerpo, una parte de mi cuerpo, mi ropa o lo que fuere no ósea.
P1: Igual a mi está frase un poco me preocupa porque ta, estamos todos de acuerdo que estas frases son de acoso pero esto ya de “te voy a coger” eso a mi me llega más como amenaza, tipo “TE VOY A COGER” eso a mi se me hace muy fuerte.
P3: Si.
M: Como que hay diferentes grados entre lo que te puedan decir.
P2: Claro.
P1: Claro yo este lo siento más con tono capaz que amenazante, en realidad, todos son horribles.
P3: Si todos son acoso pero algunos te chocan mucho más.
P1: Claro a mi me choca mucho más.
M: ¿Han escuchado estas frases?
P1: Todo esto es típico y también se da no sólo en desconocidos también en gente gente conocida. Me ha pasado en el liceo y ta un excompañero me va a saludar y me dice “que divina te queda esa calcita” me ha pasado pila de veces, es acoso, y no es de parte de un desconocido es alguien que conozco y me está agrediendo de igual manera.
P2: Capaz se siente como más confiado porque capaz que espera no se que te rías con él, o que “si gracias” no se que y ta.
P1: Es eso, está tan normalizado que la gente que conocemos lo hace y esperan que nosotras no nos enojemos que... actuemos como bien.
P4: Ay está frase no la tenía.
P1: Y está tampoco.
P4: Si si son típicas de típicas , yo creo que no va en la frase si no en la actitud en que sos un objeto como digo “que linda botella” te lo puedo decir a vos me entendes, es como que te estas cosificando y tratando como un cuerpo, como un objeto que estas...
P1: Ante sus ojos no somos personas.
P4: No piensan.
P1: Lo que importa es que somos un pedazo de carne, y que ellos hacen con nosotros lo que quieran.
P4: Y la típica es que si te pones una minifalda están como justificando ese acto de violencia.
P2: Es que se da mucho, es algo que también me preocupa bastante que siempre se culpa a la víctima. Porqué estabas en esas horas, porque te habías tomado unas copitas de más, porque estabas con una minifalda, que hacía la muchacha de minifalda siempre va a ser tu culpa y eso es como algo que me preocupa y me da rabia a la vez. Porque no se todo lo que paso ya sea hayas sido violada o acosada de alguna forma o lo que fuere, no me parece tampoco justo porque tiene toda esa carga emocional - psicológica todo ese proceso más una sociedad que te está atrás diciendo “y ¿cómo estabas vestida?” “y ¿por qué estabas ahí?” “y ¿qué hacías sola?” horrible, no no.
P1: Y también se da creó, repito, entre que conocemos. Por ejemplo me ha pasado que salí con amigos y una amiga no se fue, todos conocidos no, y se fue con uno gurises a tal lado, el chiquilin intento estar con ella, la chiquilina, el chiquilin capaz la forcejeo que se yo y que nos lo cuenta y alguien le dice “y vos ¿qué hacías con él?” “¿por qué te fuiste?” “¿qué hacías ahí?” no tenes que preguntarle eso, tenes que preguntar qué le pasa al enfermo ese que hace eso. No es solo entre desconocido, viste que las redes tipo siempre critican pero también se da entre conocidos que vos mismo ves cómo está la gurisa, que está mal y le decís “¿por qué estabas ahí?”.
P2: Claro justificar todo el tiempo los actos de la otra persona.
P1: Además si es hombre porque siento que si es mujer como que no se le perdona tanto, pero al hombre se le tiende pierde a perdonar todo.
P2: Pero también tiene que ver con la educación, tipo en mi casa son todos varones mis primos también son varones, yo soy la única mujer así en la familia eh digamos y siempre escuche no se a mis padres eh no sé “P2” no salgas así a la calle ponele o sos una señorita y con esto así no, y a mis hermanos nunca les dijeron che mira no le vayas a decir esto a una gurisa porque está así vestida o tampoco nunca le dijeron eh no ya sos un señorito no vayas así vestido con la remera o sin remera.
P3: Claro en vez de educar a la no violencia educan a una a evitar las situaciones.
P1: En vez de resolver el problema le estas dando la espalda.
M: Pero creen que es general, que se intenta evitar el problema y no tratarlo.
P2: No se si cómo, eludir un poco.
P1: Hacer como si no pasara, como taparlo, como si nosotras fuéramos unas locas. Es que es parte del patriarcado no, porque ellos están allá arriba y no van a querer que nadie los baje tampoco. Mientras más se pueda tapar pila de cosas que está mal lo van a seguir pasando. Por ejemplo las chiquilinas que han desaparecido, las culpas porque viajaban solas.
P4: Viajan solas porque son mujeres.
P1: Claro los hombres “que horrible no”.
P4: Además que no dicen dos varones solos, eran dos mujeres por eso dicen dos mujeres solas. Están como dos mujeres solas.
P3: Sin supervisión.
Hablan a la vez
P1: Claro como si dos mujeres no se puedan hacer suficiente compañía.
P4: Claro sin un varón que las proteja.
P1: Claro no es decime como vestirme, es enséñame a que no me violen. Es esa la cosa.
Yo creo que tapamos los problemas en vez de resolverlos.
P2: Igual también, yo creo igual que es que está tan metido en la sociedad y cuesta pila, y cuesta pila también sacarlo de la cabeza de la mujeres. Porque acá nos reunimos nosotras ponele y capaz que tenemos a más mujeres conocidas y hablamos del tema y debatimos pero cuantas mujeres nos hemos cruzado que sí que están de acuerdo con la forma, “mi novio me dice anda a lavar los platos”, y yo voy y no le discuto porque es así.
P3: No es sólo el acoso, cualquier tipo de machismo dado desde los hombres pero también muchas mujeres son machistas. Es un poco contradictorio. Pero pasa muchísimo pero nadie las educó para que es un pensamiento medio...
P1: Es que ese es el problema lo pasan de generación en generación, porque es que históricamente la que cuida al hombre es la mujer, entonces es como que la mujer lo va transmitiendo eso de generación en generación. Es como que vos estás enseñando a tu hijo a violar por decirlo de alguna manera, osea no es que sea así, y a tu hija a permitirlo. Como en el jardín que te dicen si el nene te pega es porque te quiere, porque le gustas.
P2: A permitirlo.
P4: También es como que siempre le estamos echando la culpa a las mujeres, culpabilizando a la mujer. Entre mujeres culpabilizamos, culpabilizamos a la mamá porque es la que cría....
P2: Nos atacamos.
Hablan a la vez.
P3: No tendría que ser así.
P4: El papá tiene mucho que ver y pero siempre como que también vamos al foco, porque la minoría son las mujeres que en realidad hay que ver el porque esas mujeres también justifican ciertos actos.
P1: Históricamente se da que el padre esté trabajando y la mujer esté en casa con los hijos, que sea la que los cría. Si a ella la criaron de tal manera ella lo va a seguir pasando entendes, hasta que no haya un cambio donde el padre y la madre tengan el mismo trabajo no se va a cambiar esto porque ya está muy metido en la sociedad.
P3: Si el mismo trabajo y los mismos derechos porque así como luchamos porque las mujeres tengan derechos habría que luchar no se para que los hombres tengan la misma licencia paternal.
P1: Obvio que si, el feminismo es eso no es sólo, para hombres y mujeres sean iguales. 
Hablan todas a la vez.
P2: Sí también lo que voy es que se ha desfigurado mucho la ideología no, porque todo lo que se ven lo medios, porque la gente no se informa o porque no le interesa y yo creo que también es una herramienta que si lo usamos bien lleva lo suyo y pasa todo lo contrario. Entonces es como que, poner digamos lo que estamos diciendo ahora no sé en Facebook ponele no se es esperar millones de comentarios no se de feminazis hasta un montón de cosas más, la gente en realidad tipo tenes la información a tu disposición pero es bueno cómo la usas y cómo la usas para cambiar no, es complicado.
P1: Pero es como que se da que el feminismo es algo muy atacado socialmente, osea como que se ve no como mala palabra pero sí como algo malo como que queres matar al hombre y tener a la mujer allá arriba que no es algo que o por ejemplo no se a mi yo por ejemplo vamos al liceo, estamos dando tal autor y decimos que es machista y hay profesores que se re enojan nos hacen un revuelo o como cuando decimos que una persona era homofóbica por cuestiones de la época como explicas vos … pero sólo porque es feminismo o machismo porque si es otra cuestión como el racista o es homofobico ya no, es como que todo el tiempo se trata de atacar al feminismo y ponerlo como algo que no es. Tanto los medios, como que además medios que todo dicen lo mismo “ahh estas feminazis”.
P2: Pasa que por un lado eh los cambios siempre generan un poco de pánico a la sociedad y por otro lado tampoco queres que cambie todo porque no te sirve, imaginate no se tener equitativo a la mujer en un tipo de trabajo no se a la mujer no te sirve, imaginate que no se el padre saque licencia paternal no te sirve, entendes.
P3: No te sirve, por algo a la mujer se le pregunta pensas tener hijos, tendrían que preguntarle también eso a los hombres.
P2: Claro, totalmente.
P1: También que las mujeres ganamos, pila de trabajos no en el área pública pero si en a privada ganamos mucho menos por el mismo trabajo y pagamos más que los hombres. La misma gillette sólo porque la mía es rosada tengo que pagar el doble osea, jajaja es una estupidez.
M: Osea creen que el acoso tiene otras raíces, que viene por otro lado.
P1: Si está todo conectado.
M: En qué sentido.
P1: En que ya está esa cultura patriarcado en que ellos son superiores, y eso es algo que no te lo cambian que lo tienen que cambiar en tu casa. En tu casa te siguen transmitiendo que es así vos no lo vas a cambiar, creo que son cosas que están conectadas que vienen de muchos años atrás que se vienen cambiando pero claro el tema es que se está viviendo de manera tan fuerte que creo que es chocante para algunas personas. Es muy chocante. Son unas exageradas, no se que feminazis pero en realidad tipo yo qué sé yo espero que al pasar el tiempo la gente se de cuenta en realidad.
P3: Si si, es como una consecuencia de la sociedad machista que hay, es una de las tantas consecuencias que tiene el acoso callejero.
P2: Eso es lo que la otra vez discutía con un compañero que decía que una representación artística de unas muchachas que hacían que abortaban enfrente a una iglesia y que me lo planteaban que “mira esto, que es re violento que no se que no se cuanto”. Le digo haber cuantos años o siglos
P3: Es mucho más violento que una mujer se muera por no poder abortar.
P2: Claro entendes, entonces es como que lo que dice P1 capaz es que se da el auge tanto ahora que parece violento inclusive pero claro es una forma de protestar también porque todo el tiempo digamos viviendo como en una casillita, de podes y no podes, es como que lleva a esa conexión viene históricamente en la casa se transmite eso es así digamos nose en donde vas a estudiar también lo mismo, también la diferenciación entre géneros esto es para mujer esto es para varón vos sos mujer y capaz por una maquinita rosada tenes que pagar más.
P3: Sí y aunque en la casa no se transmita, porque yo no siento que en mi casa sea un ambiente machista para nada ponele con respecto al acoso callejero nunca nadie me enseñó cómo afrontar eso entendes. Sé que pasa y ta, pero no puedo hacer nada porque no se como hacerlo nadie nunca me educó para evitarlo ni para solucionarlo en realidad porque la solución no es evitarlo.
P1: Claro no porque es como que haces en ese momento, tipo
P2: Es que no tendría que existir me educaron para prepararme, tendría que existir educar para que no pase.
P1: El tema es que ahora tipo, podes … no lo podemos cambiar de acá a x plazo pero cuando estamos en esa situación qué hacemos.
P3: Seguís tu instinto porque otra cosa no sabes.
P1: Claro pero es tan desesperante no saber que hacer, me parece que deberían hacer más talleres que además de prevención para la gente que lo hacen sino para las mujeres saber que hacer porque es real que pasa y algo tenemos que hacer no nos podemos quedar sin hacer nada.
P4: Si si, nos fuimos como de tema.
M: No no, está perfecto.
P4: Pero pasa también que actúas y te quedas también como porque no hay un respaldo, ta te denuncio pero donde te denunció que hago porque también depende de qué situación si el tipo está ahí parado no podes si es algo
P2: Además también que tiene que pasar para que yo pueda denunciar, porque si decís también no se me está mirando me está mirando me está siguiendo y me dicen “si dale, seguro” se quedan ahí con los brazos cruzados. Hasta qué punto tengo que poder llegar para poder denunciar, y todas las consecuencias que eso trae. Porque yo denuncio una violación y es como estabas vestida.
P3: O que pruebas tenes o ya.
P1: Cómo que no se la apoya a la víctima.
M: ¿Falta un apoyo a la víctima?
P1: SÍ tanto como psicológico como de hecho, como que se pongan las pilas y en la comisaría y que hagan algo.
P2: Claro como por ejemplo esas niñas que el padre de una niña violaba a su amiga y tuvieron que grabarlo con una computadora para tener pruebas, imaginate la cabeza ya. De la niña volver a someterse a eso para para decir bueno voy a tener una prueba para que le crean.
M: Y ¿qué hacen ustedes ante una situación de acoso?
P4: Yo creo que lo general es la evasión, me ha pasado que he tratado de enfrentar pero siento que quedo peor yo en realidad que el que me está agrediendo hay tanta impunidad, “estás re loca, que te pasa histérica” o cosas peores.
P1: O también el miedo de que no sabes como va a reaccionar si vos lo enfrentas.
P4: Tambié? qué hay tanta indiferencia que no sabes, tenes que ver la situación si el loco está pasado tenes que ver la situación también pasa que claro al final te terminas violentando vos no salis a discutir y porque yo tengo que terminar violentandome, así con un nudo en la garganta por un tipo que se le antojo invadirme
P2: Además generalmente, claro no es un tipo solo esperan un grupo por ejemplo. ¿Qué haces ahí? … Pasa un auto y van dos o tres personas, que son hombres ponele.
P1: Es verdad casi nunca es solo.
P2: Es que si fuera solo capaz me doy la vuelta y te digo che mira para. Pero nunca.
P4: A mi me pasa mucho, por ejemplo me paso hace poco en el omnibus. En el ómnibus pasa mucho además también es una situación extraña porque es un lugar donde hay gente, estamos todos en un lugar físico en un espacio.
P1: Reunidos.
P4: Claro reunidos, que vos si nos juntamos paramos con eso. Había una persona que estaba haciendo una cosa así por la ventana le gritaba a las mujeres, cada vez que se bajaba una le gritaba algo entonces era como … y yo miraba al rededor para buscar miradas complices y decir...
P3: Sí si, alguien que diga.
P4: Y claro algo, y no había miradas cómplices.
P3: Todos evadiendo la situación.
P4: Claro todo una indiferencia que había, entonces era como que era el autorizado el tipo ahí podía hacer lo que quería. Tenía una impunidad total y claro el ideal es poder decirle, tener la confianza de decirle al guarda bajamelo y te dice “sentate en otro lugar”. Entonces claro estaría bueno tener un respaldo de decir, bueno a que lugar puedo acudir yo.
P3: Sí o en ese momento sentirte apoyada, porque en ese momento vos no te sentiste apoyada por las personas del lugar.
P4: Era una persona.
P1: … más siendo mujer, porque ya estamos en una situación de que tenemos impunidad en la sociedad, impunidad no, riesgos en la sociedad.
P4: Vulnerables.
P1: Si eso vulnerables, si sos una persona que estás siendo violenta con las mujeres no sabemos cómo va a reaccionar y más en un espacio donde nadie está haciendo nada. Con el ejemplo que diste vos, capaz que te enfrentabas y el loco te daba una piña y nadie hacia nada, como nadie está haciendo nada. Osea eso también es que las ganas de querer hacerlo están, el tema es que te tenes que sentir segura para hacerlo.
P4: pasa que...como… claro.. Aparte como también depende de uno… yo estoy.. Si yo veo a una mujer que la acosan y ...se enfrenta a un varón yo estoy dispuesta...y me...este.. a apoyarla. Pero lo hago. Me indigna, bueno no, esa indiferencia la.. Va por un.., no, empezar con una a hacer el trabajo y decir bueno no..
P2: Si obvio porque capaz hay otra persona como vos esperando que alguien reaccionara porque no tenía la confianza
P1: Claro
P2: y quedaron sin decir nada y sin hacer nada porque nadie tuvo el valor de decir algo
P4: Claro, también está bueno el tema de la sororidad, no? Del género..[hablan a la vez P4 y P2 no se entiende 31:40 a 31:43]
P4: a partir del minuto 31:43: somos mayoría mujeres hay más mujeres que varones entendes? En cantidad somos más, entonces si, creo que si hacemos una red de vínculos que podemos reforzarlo y podemos enfrentarlo, y en esas situaciones que una persona que.. Porque también va en el carácter, si a una persona..no.. no le gusta discutir..es.. Es por si tímida es muy difícil también el pretender.. Que.. ah enfrentalo..
P1: Si si, no es fácil, no es fácil
P4: Pero yo no me enfrento..
P2: Claro, pasa que también..
P4: Entonces ahí precisas más el apoyo de la sociedad.. De decir. Bueno ta. estoy.. Tengo una red ahí que..
P2: yo creo que está bueno eso de generar.. tipo más unión dentro del género mismo porque creo que el género milita como muy desunido porque claro.. Por un lado las mujeres que.. O sea.. Son..digamos.. dóciles ante estas conductas y lo permiten y lo aceptan y por otro lado [gracias] las que tipo ta se ponen a pensar..esto si esto no.. y me parece que tendría que haber más unión pero también me parece que tendría que haber también un poco de compromiso y un poco de vínculo con el género masculino porque se necesita!
[Todas, si obvio]
P2:O sea.. Somos una sociedad y de nada sirve.. Por ejemplo.. Concientizarnos nosotras y tener como digamos.. ese muro digamos..de..de..
P3: El objetivo no es separarnos..el objetivo al fin y al cabo es unirnos y que todos tengamos igual condiciones de todo
Todas: Claro
P3: y entonces si decimos vamos a luchar solo las mujeres es complicado porque no vas a llegar a eso...vas a llegar a que la vista de las demás personas fuera de eso crean que vos.. queres una superioridad como mujer que es lo que pasa al fin y al cabo.
P1: Si, si
P4: Si.. igual yo ahi difiero un poco porque me parece que en realidad la lucha de las minorías siempre hay que hacerlo ..es.. Primero hay que luchar por uno, por los derechos de uno.. Y después...El otro.. Ya está en una posición de privilegio..entonces tratar de luchar por ello también es como.. Viste.. Aah bueno ta siempre estar ahí..es como algo que..Bueno ta igual.. Mira que no te estoy excluyendo, mirá que no..quedate tranquilo. entendes?... Lo tenemos tan naturalizado de decir.. Por qué? Primero vamos a tratar de luchar por nosotras, vamos a tratar de hacer una red de mujeres..vamos a tratar de.. La sororidad, la empatía.. Y bueno ta.. Ahí mismo vamos a llegar..porque ellos están allá y nosotras estamos acá, entonces es como que por qué los tenemos que incluir a nuestra lucha? Es como.. También es algo.. Porque me ha pasado de discutir con varones de qué dicen a yo no me sentí incluído? Pero no, bueno vos si queres cambiar tu masculinidad, deconstruir (porque hay varones que quieren cambiar la mascula... Deconstruir todo eso que no están conformes) bueno hacelo.. Hay grupos de varones que lo hacen, está divino.. Pero tampoco está bueno ..como..el tratar de incluirlos viste... Además de que respaldarlos.,ahh bueno.. Ta.. siento como eso de qué ta quedate tranquilo porque igual no, no te estoy diciendo nada.. Te incluimos, o sea es como algo..
P2: Claro yo entiendo tu punto o sea estoy totalmente de acuerdo de que hay que digamos...fortalecernos nosotras y decir bueno qué queremos y que nos parece justo para igualar...pero también me parece que cuando mas o menos se construya eso y se llegue a eso..también haya como una fusión porque sino siempre va a estar esos dos bloques
Todas: claro
P2: entendes?
P1: Claro
P4: Claro para mi lo que pasa es que la lucha en realidad.. Para llegar a la equidad mas bien mas que la igualdad digamos... Es como e claro..
P2: Claro, entiendo que es un tronco muy..
P4: No podemos tampoco focalizarnos a las necesidades de ellos o los que no están conformes con.. No.. no.,
P1: Lo que pasa es que los grupos tipo minoritarios tipo siempre estuvieron unidos tipo.. La unión LGTB con las feministas o.. .. antes, tipo las feministas con...con.. las mujeres negras todas esas cosas.. Tipo siempre tipo los grupos minoritarios siempre se unieron para dar más impacto y capaz que tipo también esos hombres en parte son necesarios para eso.. Para darle mas impacto a la lucha entendes? Y sean más.. No se. yo.. Para mirarlo de una ..de..otra forma capaz..
P4: Claro pero viste…. Por qué necesitamos de los varones para generar más impacto en realidad?
P1:Si obvio..es.. todo sigue siendo parte de lo mismo.. claramente no?
P4: Claro, entonces, ya que somos mujeres e... que están en la lucha mujeres reflexivas y críticas está bueno tampoco no tener que necesitar un varón, o tipo esa figura...Porque además que estamos de acuerdo que es una construcción también de las masculinidades que ha esa figura es importantísima…
P1: Claro, del patriarcado que dice que son necesarios..
P4: Claro, la fuerza, la lucha ..claro..
P1: Estoy totalmente de acuerdo con lo que decis vos, el tema es que.. Que.. por desgracia hoy en día si lo necesitamos capaz..para.. Dar.. o sea es verdad hay muchos hombres que apoyan la lucha feminista, pero con.. otras mujeres que no, tenemos que unir con ellas en realidad. Yo creo que si todas las mujeres nos unimos somos mucho más fuertes que..que.. todo lo que hay.. Porque los hombres..es verdad son..son.. mayoría, el tema es que… es que si eso no nos unimos de que se da viste esa cultura de que las mujeres nos odiamos, nos cansamos una a la otra ..
P2: siempre claro, en la competitividad formada mismo por el Patriarcado no? A la vez P1: formada mismo por el Patriarcado
P1: Claro es eso, está todo conectado por el patriarcado, el acoso callejero es parte del Patriarcado, nosotras tipo entre mujeres nos.. compitamos unas entre otras es parte del Patriarcado, todo está conectado en realidad.
M: Bueno la verdad estuvo muy bueno, ahora tenemos un video para mostrarles es un video que se hizo en España, es una campaña sobre el acoso de allá y bueno precisamos mostrárselas para ver que les genera y ver que piensan sobre ella.
Campaña (37:20 - 38:50).
P2: Bueno justamente lo que estábamos discutiendo..
P1: Pero es verdad.. Aparte en una dijo como que ellos ven que nosotras tenemos miedo, ven que caminamos más rápido y lo siguen haciendo.. Es como una demostración de poder en realidad
P2: o justamente eso de..
P1: De marcar que ellos son los que están dominando a la vez P2: o simplemente eso de que.. P2:De alguna vez alguna gurisa te dio corte cuando le gritabas eso.. No..
P3: Si
Todas: si
P1: es como por qué lo siguen haciendo no? Por qué? Si ven que estamos mal, si ven que no nos gusta si ven que no .. no les funciona.. Por qué lo hacen? Es claramente eso.. Es una demostración de poder, de ser superior, de estar allá arriba como estuvieron siempre..
"P2; Hay algo que también me pareció destacable, es que...el tipo de ropa que decidis ponerte si vas sola o acompañada pero también es como que ellos creen que nos vestimos para ellos,o que nos arreglamos para ellos.. Entendes? Entonces ahí está, está el asunto.."
La otra vez en el ómnibus escuchaba una señora que decía “ no, es que hoy por hoy las mujeres son..tienen menos paciencia, no quieren ser madres y no se arreglan tanto no son tan femeninas” Boom
P1: Como que si arreglarnos fuera parte de ser mujer no? Como que..
P3: Como si nosotras teníamo s que hacer las cosas para los hombres, eso es lo que pensar en ser mujer.
P1 y P2: Exacto
P1: Yo nunca escuché que a un hombre le digan por qué no te arreglas? ¨
P4: Claro
P1: Por qué no sos más femenino? Por qué no te cuidas más? Por qué insultas? Siempre es a la mujer no? Siempre es como que somos nosotras las que tenemos que estar todas..todas prolijitas para ellos, nunca para nosotras, siempre es para ellos..
M: Me quedé un poquito con lo que comentabas de..bueno que cuando vas por la calle, los hombres ven que caminan más rápido, qué les ha pasado en situaciones asi?
P1: Que se rían, que sigan gritando, que te sigan..
P3: Si que sigan..que no les interesa darse cuenta que..que te incomoda o que no estas bien con esa situación.. igual siguen no les importa
P1:Nunca en mi vida escuché un perdón o que pararan..siempre siguen.. A veces los comentan para más, en realidad.. Incluso
M: Hay algo más del video que les haya llamado la atención?
P2: Eh.. creo que también la parte que dice eh.. Que como que también se lo dicen a sus madres y a sus hermanas o a las mujeres de su familia no? Eso de no.. o sea no tienen empatía, porque a ver.. Todos tenemos tías, hermanas, sobrinos, primos, abuela, madre entendes? Entonces es como que está bien vos se lo estas diciendo a una que capaz es una desconocida o que capaz está dentro de tu vínculo ponele.. Pero qué pasa con las demás mujeres de tu familia que también lo sufren no? O sea, y lo sufren por el mismo género, entendes? Como que.. No se
M: Pero creen que afecta si.. Si la chica que tenes adelante es la hermana de un amigo, o hija de un amigo? A la hora de ejercer el acoso?
Todas: si obvio
P3: Si ahí capaz que te dicen no bo, es mi hermana o no se que, es como que entre ellos..
P1: Pero no es por la gurisa, es por el respeto por el hermano
P3: Claro por el padre
P3: Sisisisi
P2: Claro, o por el novio, como decía la chiquilina por qué no me lo gritan cuando voy con mi padre o con mi novio?
P1: Es como un código entre machos no? Tipo.. si es tu hermana si es tu novia yo no me meto pero si es una chiquilina que yo no conozco y es una cualquiera le hago cualquier cosa.
M: y después habíamos traído... Algunas campañas que se están haciendo en otros países como formas de estrategia contra el acoso. Entonces, bueno les ibamos a presentar otro videito.
- “Que ricas galletas”
M: Este es un video de..de como..
M: Bueno esta es una campaña que se hizo en Ecuador.. Después tenemos por acá..una imagen que estuvo circulando por las redes, capaz alguien la vió
P2: Ahh.. si si
M: Si? Y después tenemos esta otra que es una imagen en Argentina, se están colocando carteles en la calle con esa consigna… y esta es una imagen que había en las redes, queremos saber que piensan sobre estas estrategias y…
P2: No la del boliche me parece muy bien
M: y qué pasaría si se aplicaran aca
P1: para mi estaría muy bueno, porque.. Yo estando con unas amigas de que una salió con un gurí y... después fui a la casa y tipo y como que la chiquilina no le gustaba y no quería estar.. Y todos le decían y no te lo cogiste? Pero fuiste a la casa, te llevó en auto y no te lo cogiste? Se da esa situación de que somos tan de ellos que tipo si nos llevan y nos hacen algo, tenemos que complacerlos.. Entendes? Y me parece que tipo esto instaría pila de cosas, porque pila de veces las chiquilinas se quieren ir pero no se van.. No se porqué..porque siguen ahí entendes? O sea
P3: Si porque se sienten presionadas
P2: o lo mismo de la amistad entre hombres y mujeres..
P1: Claro se sienten presionadas
P2:yo por ejemplo tengo mi mejor.. La mayoría de mis amigos son hombres también y por ejemplo mi mejor amigo no sé.. Me quedo en su casa a ver películas no se que no se cuanto.. Nos conocemos hace años y somos amigos entendes? Nunca pasó nada y la otra vez le comentaba a otro amigo y le digo: no porque yo me quedé en lo de Alf no se qué no se cuanto P3:y ya empiezan.. aaah...]
P2: y me dice aa pero no estuvieron? Pero como te quedas en la casa de Alf y no… y no pasó nada no se que y le digo y por qué tendría que pasar no?
P1: Claro o sea si puedo dormir con una persona que tiene vagina y no.. y no tener sexo porque si tiene pene tengo que tener sexo o sea
P3: Claro
P1: Es una estupidez
P4: yo creo que estas campañas están muy buenas
P3: Si
P4: este.. Que es lo que hace falta también aca alguna.. Algo que de un respaldo a la mujer que quiera denunciar o que quiera este.. Que yo creo que están geniales estas campañas. .ee y también pasa eso que si vos enfrentas a un agresor.. Este… también a ver que consecuencias hay porque muchas veces quedan impunes..quedan..quedan.. Y se cagan de la risa bueno ya fue.. Entonces está bueno que hayan estas cosas que sean medias inmediatas que puedas actuar y que haya también una campaña yo creo que.. Que.. de..
P2: de educación también
P4: Si de concientización de.. De poner conciencia a las personas de qué es el acoso y por qué es tan importante trabajar el acoso y trabajar mucho con la población masculina también que son los agresores..el solo.. De decir bueno y también el trabajar bueno no sé..con… capacitar a gente que como
P2: ya desde haciendolo..
P4: el que está en trato con las personas, trabajando con público, también capacitarlos para que bueno..
P2: Claro..
P4: qué hacer en una situación si te viene un cliente o una persona a decirte bueno estoy sufriendo tal situación, qué hago?
P2: Hacer algo también.. O sea.. Educar desde los niños porque también a una persona ya más grande como que le cuesta un poco cambiar el chip. Pero si vos ya lo vas implementando desde la niñez ponele.. Como que es mucho más fácil de que..que.. Se den cuenta y enganchen con eso entendes? Porque por ejemplo..no sé, ayer en la marcha había muchos padres con niños que estábamos comentando..
P3: Si..
P2: que estaba muy bueno eso y no se que, entonces es una forma de..de educar de que todos somos parte de la diversidad que no está bueno tipo discriminar y todo lo demás entendes? Entonces si vos vas desde chico ponele metiendole un poquito de a poquito así tanto a nenas como a varones.. como que.. se va a expandir un poco más..
P1: yo creo que además de darle una casa, tienen que darle unas instrucciones sacas? Tipo en la escuela que hayan talleres, ya estando en el liceo.. Porque o sea ..hay ideas pero..
P2:son muy vagas
P1: Son muy vagas como que yo tipo ta yo iba al liceo tipo seis años pero el día que me fueron a hacer un taller sobre.. Sobre eso.. Vi una charla.. Ta en el IAVA la hacen bastante seguido pero..pero en otros liceos casi nunca…
Todas: Claro
P1: O sea yo creo que tiene que haber un seguimiento por parte ya del Estado para resolver estos problemas porque..o sea son problemas que están hoy en día y nadie los puede negar porque están..
M: Y qué estrategias piensan que se podrían implementar para el momento en que sucede el acoso.. No sé un ejemplo era el video de Ecuador.. Pero qué piensan ustedes qué se podría implementar?
P1: yo creo que líneas como esa de ayuda, talleres, charlas,, o sea.. Tratar de erradicar el problema.. Pero yo que se,,, me parece que cosas asi o lo del bar son soluciones inmediatas cuando está pasando esto que... Es algo que...yo que se..no lo podemos cambiar en el momento. Me parece que es una solución para la persona.
P2: Yo desde un principio educaría y después implementaría tipo estas cosas ponele..porque claro o sea cómo hacen...eh no sé el cantinero o no sé.. El del boliche cuando le venis con eso. Esta bien, tenes el cartel en el baño ponele y vos sabes que algún tipo de ayuda vas a tener pero como..como.. refiere.. Porque una vez leí un.. Una.. como una historia de un chico que ta fue con una amiga a un boliche y pidieron algo para tomar.
Entonces el canti.. El que atiende ahí tipo en las bebidas no se que le dice tipo en tono secreto mirá que le puse algo a la bebida de ella.. Entendes? O sea y él ahí tipo le dijo no..no te tomes esto no se que no se cuanto y se fueron. Y el loco lo comentaba no? como es..
Tipo eso no? Desde un principio ponerle algo a la bebida para ver si me la puedo cargar después no se que no se cuanto y el apoyo a esas conductas de otro no?
P1: Claro.. Claro.. él lo dijo como si fuera algo re normal tipo..
P2: Claro..
P1: Te re ayudé de nada…
P2: Claro te re ayudé..
P1: Le metí algo..entendes?.. O sea a cuanta gente más lo habrá hecho entendes? Cuantas chiquilinas más habrán sufrido algo…
P4: Claro es eso, es esa …
P1: Es esa conbichidad entre esos de que estamos unidos
"P2; Complicidad"
P1: Claro complicidad..y seamos tipo..son.. Claro como que.. Son con código de barra
P2: Claro, ponele si vos estas con ella yo no voy a estar no se que no se cuanto..o bueno
mirá tomá te...te.. la dejo a esta para vos porque ta o sea mirá …
P1: Ah si es típico, típico
P2: Es como muy…
P4: Si si yo creo que tendría que haber si una capacitación, una difusión sobre el tema, más campañas y también creo que hay que focalizar también estas ayudas en lugares claves que creo que van muchos adolescentes por ejemplo los boliches nocturnos, que hay mucha desprotección hacia estas situaciones de violencia… porque una mujer está borracha..va… se justifica cualquier cosa? Ahí tiene que haber..
P3: Claro, es culpa de ella porque por ella se emborrachó
P4: Claro, ahí tiene que haber algo que vos digas bueno si la mujer está borracha, bueno.. si yo estoy borracha y me pasa...pasa.. una situación violenta qué ten.. Tengo yo el respaldo de..de alguien del boliche, alguien que trabaje en el boliche que yo pueda ir o no?
O me dicen ah estas borracha…
P1: Claro dejate de joder..
P4: No ya está dejate de joder.. Se dan media vuelta..
P4: Entonces también creo que ahí hay que focalizar también las campañas a esos lugares que.. Que..donde..creo se da más..asi que está más..
P3: Si es mucho más probable..
P4: Que una está más desprotegida hay mucho alcohol en la vuelta..mucho.. Entonces es como que se.. Se hay un entorno ahí que de indiferencia, y de... vulnerabilidad hacia la mujer muy..muy fuerte
P2: y también con esas excusas tipo.. Como la gente dice: ah ta estaba borracha, tenía minifalda. Como que la gente ya lo justifica como la culpa es ella, es eso de…
Todas: si si claro
P2:----al abismo, como dijiste vos
M: En cuanto a esta campaña puntual de Argentina de.. De pegar carteles en la calle..ee...comentando alguna situación, que les parece?
P3: A mi me parece buenísima porque es como muy directa y coloquial, cosa que se va a entender y eso está buenísimo.
P2:Si como que genera..ee un poco genera empatía, pero yo no sé si empatía entre los hombres o más entre mujeres de decir pa che que horrible porque sabes que tipo te pasó a vos alguna vez y entendes la situación..entendes? Yo no se si..si generaría algo del otro lado
P1: Pienso lo mismo que vos, estoy de acuerdo.
M: Generaría empatía entre las mujeres pero no..
P1: tanto de los hombres, claro porque ya existe una cultura que ellos tipo nos ven como pedazos de carne como que no importamos..como que..yo siento que eso claro como que ellos capaz no van a sentir empatía. Nosotras capaz si la sentimos porque nos pasó, conocemos a alguien que le pasó.. Pero claro, es distinto a una cultura donde les enseñan que nosotras no importamos y ven eso y dicen: bueno ta seguramente se lo buscó.
P3: Claro, o eso que decíamos de que..que en realidad ellos ven que caminamos más rápido y capaz que hasta
P1: lo disfrutan
P3: Claro les gusta o.. Los incita a seguir haciéndolo eso también los va a desi…
P1: Claro también..
P2: y aparte es como muy triste también porque como que la mujer cada vez es más sexualizada y más comercializada digamos..tipo..desde lo que se pone hasta lo que no se pone.
También cómo tiene que ser tipo una mujer digamos el envase por decirle de alguna forma y también como que las situaciones de violencia callejera las vivimos desde.. Desde cuándo?
O sea..desde que somos re chicas.. E no sé, que me van a gritar estaba en primero de liceo ponele tendría doce años y ya me estaban gritando cosas por ejemplo. O sea..como algo que..
P1: Claro, también es tipo no son tan giles no? Atacan más a las chiquilinas más chicas o sea tipo a las vulnerables, porque yo.. Realmente yo no sé si al ser un poco más grande cambiaron no me gritan tanto, pero yo realmente siento que hace algunos años el acoso que yo sufría era hasta el triple de lo que yo siento hoy en día. Yo no sé si es tanto porque..O sea se abusan porque son más chicas.. O porque están cambiando las cosas, yo creo que algo está cambiando pero es una realidad que si vos tenes once años o doce se van a abusar mucho más de si tenes veinte.
P3: o cuarenta
P2: o cuarenta
P1 y P2: mas bien
P4: Si pasa eso si, lo notas que hay... Y me pasa también con los varones de determinada edad, yo siento que hay determinada edad que hay más acoso, acosan.. tipos de cuarenta para arriba.. O sea son personas bastante adultas las que..
P1: si si
P4: yo creo que hay generaciones que reflexionan más sobre el tema no sé .. y no.. y lo han dejado de hacer, pero la generación esa que viene de atrás viste que..
P1: Si si, si como que siempre es un cuarentón
P4: Claro
P1: siempre es un viejo, pero la mayoría.. En muy pocos casos es un gurí en realidad, en eso tipo.. Al menos a mí
P4: Si a no ser que.. Algún planchín que..
(risas)
P4: que esté para la joda, pero después a si los jóvenes..
P1: no, no se da tanto
P4: no se da tanto
P1: es verdad
M: hay una diferenciación de edad entre quien ejerce el acoso y quien lo sufre..
Todas: si
P1: si porque siempre son los mismos veteranos si si…como casi nunca es un chiquilín, siempre es un viejo..
P2: y si son chiquilines generalmente son grupos, tipo…
P4: Claro
P2: Los amigos ahí
P1: y además tipo es verdad son como … es como que yo te diga de tal contexto y llegas mucho más, o sea que tan mucho más para que ellos terminen haciendo eso en el contexto que ..
P4: Claro es más como un juego de pares…
P1: si ahiva
P3: si tengo que hacer esto para ser del grupo, para ser más macho
P1: si si
P4: Claro que se da más un juego de la adolescencia y más de pertenecer al ese género que..
P1: y también se da mucho más en esos contextos que vos Decis.. Más carenciados..y todo
P4: Claro
M: En caso de.. Pensando en caso de que se puedan realizar e utilizar estos carteles, qué frases Creen que se podría utilizar?
P2: Yo creo que..
M: que problematizarían..
P2: que algo..es como decir bueno si acá pasó algo pero tipo.. Se queda en esa. No se a mi… yo creo que generaría más choque poner por ejemplo no sé.. E te voy a coger o.. Esa calcita o la otra te la llevo a no se que..
P3: si la llevo a
P1: si esa está salada
P2: esa me parece.. Ah esta, te falta cagar al trote para ser yegua, me parece que claro que o sea si bien es violento pero genera un poco más que acá pasó algo, entendes?
P3: Claro es más violento que me lo digan a mi, yo si lo leo digo pa esto pasa es una realidad, los hombres también tienen que pensar en eso. Pero es mucho más violento si me lo dicen a mí
P2: Claro
P3: Para mi es mucho más violento. Entonces claro es como que no me parece tan grave que haya un cartel diciendo eso en la calle
P2: Claro
P3: para explicar una proble..
P2: Problemática
P1: yo creo que en la sociedad hay problemas que la sociedad ve violenta, o sea es más violento ver un pezón a que ver más violento que vos estes violando a alguien o te estén diciendo todas estas cosas.. Eso también
P2: O sea hay un tema
P1: es algo que tenemos que cambiar, es violencia
P2: de sensibilidad tipo como disfrazada muy grande..o sea ven Tinelli con todo para afuera por ejemplo y ven una mamá dando de amamantar y la señalan con un dedo como si fuera el peor pecado del mundo.. O sea, es como muy hipócrita no?
P3: Si si obvio, escuché un caso en Argentina de que no.. que a una mujer estaba en una plaza amamantando y la sacaron, le dijeron que no podía estar haciendo eso que era exhibicionismo y después..
P1: y en Tinelli..
P3: Claro, la mitad de Argentina va y mira Tinelli
P1: y como discrimina a las mujeres ese programa, un asco
P3 y P2: Mal
P1: pero a ellos no les molesta, por qué? Porque les sirve, les vende
P2: Claro
P1: por eso nadie se queja
P2: También había visto una campaña para.. Creo que también era española, hace unos años sobre acoso callejero y era al revés. En la campaña mostraban que las mujeres le iban diciendo cosas a los hombres.. Pero claro de menor grado a mayor,. Entonces ta la utilizamos una vez para una reunión de municipios se hizo en los liceos y todo.. Y estuvo muy bueno
P3: Yo vi una campaña que era más hacia el machismo en realidad que eran hombres diciendo cosas que le pasaban que en realidad son cosas que les pasa mayormente a las mujeres, entonces.. No sé un hombre diciendo el otro día pasé por la calle y me gritaron en la construcción, entonces en realidad lo que decía era preguntando si te había pasado. Entonces después eran todas mujeres contestando que si que les había pasado y era como para dar ahí una muestra de que,,
P1: de que si nosotras y ellos no.. si si me acuerdo ese que uno decía tipo.. decía un hombre si que fui al mecánico con una amiga, el auto era mío y cómo arregló como le dijo ella
P3: Si si
P1: y eso pasa re.. O sea vos podes llevar tu auto pero el mecánico
P3: el auto es tuyo, todo es tuyo pero le explica a tu novio ponele
P1: y le explica al hombre. Como si por tener vagina no fueramos los suficientemente inteligentes
P3: si o hay uno que estaba buenísimo
P4: si pasó con el género femenino
Hablan a la vez
P2: hablando de manejar, si hay alguien que maneja no se en zigzag por la calle decis seguro es mujer
P3: pero en ese video mismo uno.. Las cosas un hombre diciendo que no quería ser papá, no quería tener hijos y todos los vecinos y los conocidos diciéndole no pero ya se te va a pasar el tiempo, tenes que tener no se que ya tenes un poco de edad no? Y en realidad al final era que en realidad eso se lo dicen a la mujer no al hombre
P1: Claro a la mujer, al hombre nunca se le dice si el hombre no quiere ser padre, o se..
P2: Claro se respeta eso
P1: o se desinteresa del hijo es normal
P2: es normal, para nosotras como mujer es la peor cosa del mundo entendes?
P3: Tenes que tener hijos
P1: Claro, es como si sos mujer naciste para tener un hijo, ya está
M: Después.. Con respecto ahora que salieron varias campañas, pensando a futuro, que intervenciones les parece a ustedes que podrían llegar a tener algún efecto? Tanto en mujeres como en hombres..
P4: Yo creo que e.. Para que haga ee, o sea, estaría bueno como a largo plazo si la capacitación.. Momentáneamente o sea en el momento en que ta, hay una realidad de que se está viviendo violencia diariamente, cotidianamente, entonces hay que hacer algo ahora y me parece que hay que tirar una medida de sanción, o sea que haya algo que al varón que diga por esa parte controlar..y decir bueno ta.. Es una medida que tiene el sistema también de..de controlar a la gente
P1: de invadir
P4: claro del poder del Sistema de decir que del Estado y poder poner justa una sanción
[Hablan a la vez]
P2: Claro, claro
P4:y decir bueno ta.
P4: SI yo estoy en una línea de omnibus o que sepa que… bueno yo te diré que esta mujer me puede denunciar y
P3: Claro
P4: y ahí capaz en el momento el tipo para
P2: Claro que haya como una presión externa
P4: Claro
P3: Algo que genere
P4: Porque lamentablemente sino..puede pasar si le podemos decir cosas, capaz que al tipo le afecta algo de lo que vos le decis o.. Y ta queda en la nada. El tipo se cruza con otra mina en otra esquina y le va a decir lo mismo. Yo creo que para que haya un verdadero este.. Control
P2: Claro, yo creo que debería empezar como educando, después por ejemplo no sé ..esas clases de talleres donde no sé los hombres y las mujeres como que se cambia como el rol o lo que fuere, o mismo ese video que vi hace años también o algo asi por ejemplo..Entonces tenes como un grado de concientización cada vez más alto
P3: Si y después..
P2: Hasta llegar a una presión externa por ejemplo
P4: Yo creo que igualmente ahora, hoy en día es necesario..
P2: Si es..
P4: Porque lamentablemente
P2: En realidad lo primero es sancionar
P4: Claro
P2: Y después educar
P4: Claro. Podes hacer las dos cosas paralelamente.. Del liceo, de la escuela tratar
de..dando talleres de bueno.. De.. con violencia de género dar el acoso callejero, y bueno empezar ahí a.. Pero dar una solución momentánea ahora que pasa con las
P2: Claro
P4: personas que..
P2: Porque yo voy y educo a un niño y bueno capaz que en treinta años está cercenado esa generación
P4: Si si
P2: Pero en el momento me sigue pasando
P4: Claro
P1: Yo creo que no se debería ver.. No se… tendría que ---- que una persona te viole para que vos te puedas quejar.
P3: Claro
P1: Porque aunque no te haya hecho algo te puedas quejar
[Hablan todas no se entiende]
P3: Si vemos en la publicidad por ejemplo ya era como un grado de acoso bastante..el hombre venía no la dejaba, pero también hay otros grados de acoso que capaz que vos vas y lo denuncias y..
P1: no hacen..
P3: Se te rien en la cara
P1: y además..
P3: Que te miren, que te sigan
P2: Claro porque antes una violación tiene todo como un proceso previo, ponele que te esten mirando del otro lado.. Tal cual te siga ponele..que te tironee el pelo o un brazo para atras..o
P1: O te toquen el orto o las tetas si si
P2: Lo que fuere, entendes? Ahí ya.. Ya está entendes?
P1: Claro
P2: Y no podes decir..
P4: Es una violación a tu intimidad en ese sentido
P1: Claro, al espacio
P4: A tu espacio Si si
P1: Y además tipo, yo creo igual que la educación tipo o.. cambiarlo va a ser a largo plazo obviamente pero es necesario porque ya hay una cultura
P2: Instalada
P1: Instalada.. De que claro,ellos son --- de nosotras, eso tipo aunque tipo haya más sanciones, haya más cosas, ellos no van a pensar: no..
P2: Por qué lo hago..?
P1: Porque van a ir presos, ellos lo van a seguir haciendo
P2: Claro, o sea
P1: Es parte de la cultura
P2: Yo creo que lo que va a generar eso es que no lo voy a hacer porque me llevan preso
P4: Claro
P2: No porque si..
P4: No.. Si claro
P2: Entendes?
P4: Si obviamente
P1: En realidad yo creo que no va a cambiar mucho porque o sea ellos cuando lo hacen no piensan aah si hago esto puede pasar tal cosa. Ellos …
[Hablan a la vez no se entiende]
P1: Es parte de nuestra cultura entendes?
P4: Si Ojo porque saben además que si lo hacen no va a pasar nada
P1: Claro, Eso obviamente influye un montón
P4: Claro, claro.. En estas campañas esto del hombre..por ejemplo la campaña del omnibus.. está siendo que debe haber una línea realmente o sea.. Ya sabe el tipo que bueno ta..si haces una campaña de difusión que la mujer tiene tal línea.. Ya van a tener más cuidado.
Lamentablemente no es la mejor.. No es la solución
P3: Si si si
P4: Claro pero..
P1: Lo que pasa que el que viola no piensa: aah si la violo, voy a terminar preso. Lo hace igual
P2: No..lo hace igual
P1: A ver esto ya es parte de una cultura.. Pero hay casos que son mínimos..lo del ómnibus que eso si, se puede arreglar con nosé castigar con más sanciones más castigos pero ya..
P2: Inclusive
P1: con educación
P2: Inclusive los que violan no? Cuantos violadores han quedado libres ponele o que en todo proceso no se.. Se fueron a la China y volvieron, mil quinientas veces ponele
P1: También lo que pasa es que.. Yo creo que también el Estado o.. Ya varios juez se tiene que cambiar, también tenemos jueces muy retrógradas que eso tipo, o sea no.. aplican sanciones por como hoy en día, me parece que se quedaron muy atrás en realidad
P3: Si si el Sistema en si
P1: Claro
P3: Porque previo a llegar a un juez tenes que tener personas que acepten tu denuncia porque
P1: Ah si
P3: ponele
P1: Mas bien.. Y no es tan dificil haciendo la denuncia
P2: Es que.. No es tan.. Creo yo, el Sistema en si no está bien capacitado para tipo todos los cambios y todas las cosas que sea a nivel de la sociedad no?
M: Perfecto, después con respecto a esto.. Esta es una imagen que estuvo circulando también en las redes que problematiza un poco como las mujeres reaccionamos ante lo que es el acoso callejero. Qué creen de cada una de ellas?
P4: ‘Contesto al agresor y le exijo respeto’.. Eso en si sería lo que deberíamos hacer. Este.. no? En cualquier situación de acoso
P1: después-- contestar al acosador, yo también lo veo bien en realidad, o sea
P4: Claro
[Hablan a la vez no se entiende]
P4: La idea sería poder hacer eso y
P1: Claro y decirle porque como le podría hacer eso tipo a vos se lo puede hacer a otra persona y ya a esa persona despues se da cuenta quien es y no se capaz que la gente se une y no se..
P2: Es que eso pasó la otra vez, no?
P1: También
P2: Con un muchacho que agregaba en instagram a gurisas y tipo las empezaba a acosar…
Entonces que pasó, yo veía las historias de personas, gurisas que sigo no se que y varias de ellas tenían la.. La imagen digamos de perfil del chiquilin y dicen: na este pibe hace tal y tal cosa ponele y se armó una especie una cadena.
P3: Si si vi una campaña en twitter hace poco de un tipo que amenazaba a su ex porque le decía que tenía que volver con ella y todo tipo de violencia y.. Y muchas mujeres compartiéndolo para decir: che este tipo es un… entienden? O sea se hacen pila de campañas asi
P1: ta por esas redes..
P2: Es una especie de denuncia
Todas: Claro
P1: Después denunciar en redes..
P2: Es más común
P1: Si yo lo veo bien. Después denuncia a una comisaría no es tan común, porque claro yo veo que el Sistema no nos hace caso o el Sistema también no..
P2: O participa de eso
P1: Claro
P2: Si participa de eso
P1: Si o sea
P3: Si porque evadirlo y decir no...no te hizo nada es como un..
P2: O ponele un policía mismo tipo que vayas por la calle y te grite cosas o mismo en la comisaría adentro te diga: Ay bueno que querés mirá como estas, no podes ser asi..
P3: Claro entonces que haces en esa situación porque..
P1: Claro, mas bien. Yo te digo que la gente que como no se quien lo dijo, se enfrenta estas situaciones que alguien te dice mirá me pasó tal cosa se sienta capacitada a poder sobrellevarlo. Porque la mayoría de los casos tipo es como si fueras a hablar con una pared y no te dieran bola de nada.
M: Tendría que haber una respuesta del Sistema en cuanto a cómo se reciben las denuncias..
P1: Si
M: Y que es lo más probable
P2: Tendría que haber como un granito de arena de cada parte por el Sistema.. No sé la sociedad
M: Y después por último habíamos traído algunas estrategias que también se podrían pensar y bueno también discutirlas.. Que.. que piensan ustedes de estas estrategias. Son un poquito en continuación con la imagen anterior..
P1: Yo creo que todo esto se debería aplicar,
P2: Claro
P1: Creo que todo tipo ayuda, influye a que las cosas mejoren, yo que se capaz que con una cosa sola estamos en la misma pero si son varias cosas que cambiamos en varios ámbitos
P2: Claro ponele no se..
P1: Se podría cambiar algo..
P2: Yo haría primero sensibilizar, después tomar alguna iniciativa no se de denunciar en redes
P1: Redes de apoyo..
P2: Claro
P1: Redes de apoyo es muy importante para que las mujeres que quieran denunciar se sientan contenidas además, porque también o sea un daño psicológico y todo
P1: Esto tipo está bueno porque quienes.. Porque no todos en base al trabajo te podes quejar y hay como un sindicato que lo apoya..
P2: Imaginate si en tu trabajo mismo tenes una situación de que el jefe, empleado te está acosando
P1: Está bueno tipo que muchos sindicatos para poder tipo defender o tratar estos..
Problemas pero no se da en todos, eso pa mi es algo que hay que.. Y ta obviamente reaccionar y entenderlo.. Para mi ta, es clave pero yo que se, a veces cuesta hacerlo por miedo a que te pase o hacerlo sola y que nadie te apoye es como.. Te dan ganas pero yo que se, es complicado. Pero me parece que si todos nos apoyamos y nos unimos mas
P2: Pasa que eso.. Es como hablábamos hoy, a veces esperas por una persona o esas miradas cómplices ponele para reaccionar y como que no te da reaccionar tipo por vos, o sea sabes que está mal y sabes que vos lo vivis y no te gusta y que está demenos y sabes que sos una persona sola no es que sea una banda de gente. Pero es como que te da algo igual, te paralizas
P1: Si si
P2: Entonces es como que no sabes, decis bueno a ver yo digo algo y vos saltas conmigo y..
P1: Capaz también nosotras porque vivimos el acoso y también nos da miedo
P2: Claro
P4: Claro es el miedo, y la violencia te genera miedo y te paraliza
P1: Aunque pienses que no, te queda adentro, te queda..
Todas: Si si
P4: No yo creo que todas se deberían implementar,
P3:este si que haya una..
P4: Si había también de poder denunciar a la empresa, por ejemplo la construcción que pasa mucho.. Que vos puedas llamar, bo mirá en la construcción de tal edificio
P2: Igual por ejemplo la otra vez vi en facebook también una...un cartelito creo que era tipo
aca de.. De Montevideo, la construcción que decía: por acá puede pasar tranquila que nosotros estamos en contra del acoso callejero.
P3: Eso está bueno
P2: Entendes? Digamos de que partamos..
P4: Hacer una campaña
P2: Desde la base desde nosotros hacia afuera está bueno. O sea a mi me re
alegró..demás
M: Después algo que surgió recién en cuanto al miedo, a qué se refieren con el miedo en la calle?
P2: Y ponele no se que se tome el mismo omnibus que vos, que espere a que te bajes en la parada tuya y se baje contigo ponele.. Y te siga y derrepente sepa donde es tu casa o de repente no sé te haga algo en el momento.
P1: Son miedos que yo que se, yo al menos tengo diariamente.. Si me pasa que hay alguien me intimida en la calle o en el omnibus se baje conmigo me siga a donde entro.. Son cosas que yo obviamente me doy cuenta que tengo miedo todos los días de esas cosas. Es horrible tener que vivir con ese miedo..
P4: Si además que el miedo femenino tiene más,..el plus de que vos decis aah bueno todo el mundo tiene miedo a la seguridad, la mujer tiene miedo a la inseguridad, a que la violen, a que la secuestren,
P1: a que la maten
P4: Es como una sumatoria de miedos que..
P3: Claro, y después de tantos miedos en realidad no tiene que haber una situación de acoso para que tengas miedo. Porque capaz ya salís con miedo, ya salís con che pa puede pasar algo
[Hablan todas no se entiende]
P3: No te pasó nada pero estas pendiente de eso
Todas: Claro
P1: Si totalmente
P4: Si es como un terreno de batalla, salimos de la puerta de la casa
P2: Es como.. La otra vez leía en facebook que una muchacha que le estaba escribiendo una carta, o sea escribía la carta de lo que le había pasado y también al final agradecía a otra muchacha que la había ayudado. Que pasaba, la muchacha salió de su trabajo más tarde con una compañera de trabajo y todas se fueron a distintas paradas, esta se quedó en una parada y en eso cae un hombre, tipo ya mayor también, y también que la miraba, la miraba, la miraba y por suerte ella describe que la parada se llenó un poco más y como que se tranquilizó un poco. Que pasó, todos se tomaron, venía el omnibus no se que, llegó el suyo, se lo tomó, este hombre se subió con ella y atrás subió otra mujer. Entonces e… la muchacha no tenía saldo ni internet como para decir bueno llamo a un uber o escribir a alguien de mi casa lo que fuere. Entonces escribe en una nota en el celular y le dice a una muchacha que estaba al lado de ella que se había subido en la misma parada, que el tipo de atrás la estaba mirando, la estaba siguiendo que creía que eso. La muchacha le responde que si, que se había dado cuenta que por eso se sentó al lado de ella que no se que no se cuanto y dice bueno te bajas conmigo y vamos a mi apartamento y yo ahí te llamó tipo a un uber. Ta cuestión que pasó eso, se bajaron juntas, le llamó a un uber no se que y ta era como masomenos agradecerle por la ayuda que le había dado. Porque también el loco cayó de la nada, se subió al mismo bondi que ella capaz que ni ahí le servía ese omnibus entendes?
P4: Si claro
P2: O sea que podía pasar si ella no hubiera buscado esa ayuda.. También está eso no?
Que la mujer a veces tiene miedo de buscar ayuda.. Tipo de decirle al de al lado mirá me está pasando esto..entendes?
P1: Y además ponele que el tipo no le haya querido hacer nada, no puede ser que siempre vivamos con miedo
P3: Claro, porque capaz el hombre nada que ver, capaz
P1: Ya te queda eso de que pasó ahí
P3: Pero vas con ese miedo y capaz tenés un poco de paranoia y..
P1: Si
P3: Pensaste otra cosa
P1: Claro
P3: Entonces claro no deberíamos vivir con ese miedo
P1: Claro. Deberíamos poder movernos tranquilamente
P3: Claro, no desconfiar de todos
M: Algo que decías tu recién sobre que en la sociedad todo el tiempo se está hablando de los miedos de salir a la calle, lo que vos decís que a la mujer todavía se le suma ese miedo.
Como que entonces todos tenemos diferentes miedos a la hora de..
P2: Claro no sé, mis hermanos capaz que te dicen vengo más tarde, capaz si te roban bueno te roban el celular o capaz que no se te pegan un tiro como algo más grave. A una mujer que le pueden hacer? La pueden robar, la pueden violar, la pueden matar, la pueden desaparecer, la pueden de todo. Entendes? Entonces es como mucho más profundo no?
M:Como que la mujer transita la calle con otros miedos..
"P2; Claro"
P3: Si hace tiempo escuché a un hombre diciendo: yo ta lo entiendo pero nunca pasé por el miedo de decir tengo que salir a la calle con miedo a que me violen
Todas: Claro
P3: Lo decía un hombre explicando que muchas mujeres se lo contaban y él no lo entendía porque nunca sufrió ese miedo
P1: Es como que tenemos el mismo miedo ue los hombres más otros miedos. Pila de miedos a que nos violen, que nos maten porque.. Si vemos en el año, cuántas mujeres murieron? Que nosotras sepamos, varias, un montón. O sea es como que los hombres tienen miedo a que los roben .. y nos a demás de ese, todos los demás. Entonces es obvio que va a haber una paranoia o algo que las mujeres no se sientan seguras en la calle. O muchas veces en la casa de una amiga porque tiene un hermano, un padre que te mira medio raro, o sea siempre pasa esas cosas.
M: La verdad es muy interesante el hecho de cómo planteaban esto, entonces en algunos puntos como para hacer una síntesis, bueno que encontramos estrategias con las que se manifiestan cotidianamente y..bueno después como cerrar con estas estrategias que estábamos charlando recién. Como..estrategias a implementar. Bueno hablábamos un poco de que mas quizas capacitación, más talleres, otro recibimiento en las denuncias, y después alguna otra cosa más que les gustara dejar planteada..
P1: Redes de ayuda también..
M: Redes de ayuda en qué sentido?
P1: Si la mujer se siente mal, un apoyo psicológico o para denunciarlo también. Porque me parece que también son importantes, que haya apoyo a personas y también que se haga algo cuando estás viendo algo.
"P2; Claro además eso de generar también un registro no? O sea porque llamaste, queda ahí que llamaste, y un montón de controles más no? O sea como sea vivimos controlados por un montón de métodos que circulan, entonces yo digo, implementar este en este caso, me parece que tipo.. Ayudaría un montón."
P3: Claro o saber a quien acudir, porque capaz decis a quien acudo, le digo a tal persona o a una amiga o alguien y se ríe de mi o me dice y cómo ibas a estar vestida..La gracia es ir a un lugar en donde vos sabes que no te van a..
P1: que te van a apoyar, que te van a ayudar, que van a hacer algo
P3: Si si
"M; Bárbaro. Alguna más que les gustaría plantear? Como para dejar a campañas más de intervención?"
Todas: No
M: Bueno les agradezco mucho la verdad que es un muy lindo y muchas gracias por su tiempo sobre todo.
